screen,modality,n_merged,spearman_rho,spearman_p,auroc,mannwhitney_p,perm_p,auroc_no_essential,n_hits_total,n_hits_essential,magnitude_rho,magnitude_p,magaxis_auroc,magaxis_auroc_perm_p,magaxis_auroc_no_essential,magaxis_auroc_no_essential_perm_p,top50_essential,top50_absent_from_ranking,direction_agree,direction_total
Schmidt2022 CD4+ IL2,CRISPRi,10313,0.05539680878183589,0.05597217699552711,0.4746053946053946,0.42025298417021817,0.4175164967006599,0.4753902404725074,91,0,0.1190711055170918,6.997651628037121e-34,0.7403377517914197,0.0001999600079984003,0.7449319426321835,0.0001999600079984003,11,31,1,5
Schmidt2022 CD8+ IFNG,CRISPRi,10313,0.07442283008753653,0.010191502816197472,0.4352776852776853,0.032758384831257294,0.03079384123175365,0.43606414048402997,99,0,0.10761739799233157,5.990951935170516e-28,0.7484192488280318,0.0001999600079984003,0.748475712436041,0.0001999600079984003,0,12,0,5
Freimer2022 (IL2/IL2RA/CTLA4),CRISPR-KO,1126,0.23716562771245958,0.010708973532158009,0.4045682102628285,0.08320423817269505,0.08378324335132974,0.40952685421994883,47,1,0.283172616693825,3.306029386643897e-22,0.7907391601229088,0.0001999600079984003,0.7891908212560387,0.0001999600079984003,0,3,0,0
